id,title,image,video,desc
M000,Fun Home,1.jpg,1.mp4,"A movie about having fun at your home, no matter where it may be."
M001,Sad Man,2.jpg,2.mp4,A movie about a local sad man.
M002,Weep For Mercy,3.jpg,3.mp4,"A Woman weeps for mercy, begging for grace and compassion through some trying times."
M003,Alone In Paradise,4.jpg,4.mp4,"A movie about the two ends of a spectrum, dealing with poverty in the most luxurious city."
M004,Death By Peanut,5.jpg,5.mp4,"Death knows no limitations, the irony of death and its unassuming demeanor"
M005,Hopeless,6.jpg,6.mp4,"When all hope is lost, who and where do you turn to?"
M006,Need A Friend,7.jpg,7.mp4,Loneliness is the 21st century.
M007,Thirst,8.jpg,8.mp4,A story of hope and bounty.
M008,A desperate Man,9.jpg,9.mp4,Poverty in America.
M009,Pissed Off,10.jpg,10.mp4,A teenage nightmare
M0010,Deeds & Dooms,11.jpg,11.mp4,Good deeds and bad luck
M0011,Humanity,12.jpg,12.mp4,"Humanity, nature and how its all connects."
